5969205761,Amalle,Aisbett
0446395641,Eddie,Grundey
1416677127,Claudian,Boylund
5623992684,Claire,Loughead
4425417364,Shay,Bingley
2453661841,Mitchel,Knapper
1990347746,Felisha,Ennew
1694924998,Fletch,Arnott
3193073040,Markus,Demare
9834559135,Giorgia,Aylmore
7678190514,Free,Yablsley
5232909991,Oberon,Lotterington
5225297242,Cathy,Bondar
5137514608,Jolee,Curr
6296628315,Welch,Dorrins
2540238971,Brunhilda,Rawlcliffe
2941028846,Vic,Sambles
8981573743,Eleanor,Bonsey
8517780205,Sunny,Simon
3844115587,Lenka,Challiss
6281548515,Rena,Woollaston
4752409666,Kassie,Alner
0832520446,Fawnia,Dounbare
7142800127,Renado,Holstein
7453366151,Waring,Skippings
7562443513,Darnall,Coyish
0180840851,Darleen,Giuron
6846537236,Corie,Wyard
2143304803,Hildagard,Le Fleming
3762103518,Fianna,Beacroft
6867937683,Chiquia,Ravenshaw
6139195292,Modesty,Larkin
8245210153,Papagena,MacTavish
8425717086,Hershel,Werner
4595256507,Jere,Oloshin
5723311344,Rufus,Lepoidevin
5654614894,Kathlin,Haulkham
6664283700,Yancy,Robyns
9469499530,Konrad,Goggan
4669031384,Erminia,Mathiasen
3293433030,Kerry,Jeffry
1022227181,Dyana,Muglestone
3771437563,Katusha,Deely
8240480179,Alwin,Hanfrey
2898186392,Concordia,Mitchenson
8197920567,Erwin,Daymont
7934674066,Andrey,Fleote
3662729946,Job,Coatham
4706161231,Leigha,Stych
9271340647,Jonah,Kann
1614635501,Ahmad,Ivins
4892018260,Claudelle,Slimm
3115549113,Gauthier,Roon
0017638267,Fannie,Nesbeth
1146095090,Otho,Maffei
8125848711,Albrecht,Greenside
9593084827,Nikita,Briar
8145466075,Leanna,Bolden
4415701744,Renault,McGeaney
2687386979,Leah,Sante
8028464548,Hubey,Kurten
0108173135,Arther,Neilly
4860581369,Melisa,Jirzik
4179623269,Trudey,Dyter
5234669181,Averell,Yon
0061473596,Beth,Castellini
6040494840,Jamill,Stolze
6881334087,Bobbette,Clines
7612695081,Janaye,Goundsy
8166197650,Karlen,Gapper
0605629749,Edwina,Paolazzi
5790950450,Nanice,Sowrey
8789764234,Editha,Sturt
1561051276,Willyt,Nanetti
1317111869,Fiona,Reddle
8258982087,Myranda,Bernade
3547758858,Lief,Dine-Hart
1592313728,Mozes,Hassall
5399764474,Claudie,Longhorn
7556134938,Corrie,Thomasson
4542186601,Rolf,Moncey
4291076053,Purcell,Neath
5957900281,Ralf,Crisell
7073987553,Parker,Folbigg
7788903124,Lem,Packer
5515870360,Athene,Kohlerman
2346005738,Paule,Baus
6630405293,Maddy,Moggan
0386727295,Seka,Wiltshear
9140149757,Jewelle,Heel
6465293501,Pen,Bordessa
7900815325,Daisie,Maude
0342943448,Horatia,Raithby
3658387181,Alley,Kobpac
1178740412,Devi,Linstead
6819285612,Malachi,Blance
3120414166,Manya,Imore
9816965895,Ced,Olyet
3312378524,Nance,Ingold
7267088910,Kincaid,Slessor
0400763524,Tammy,Shrieve
6731095141,Wilmar,Tugwell
6914562911,Hamilton,Gilluley
0564962473,Jaquelin,Marchelli
4339823392,Theadora,Cannavan
4526387169,Emylee,MacAllen
4597783121,Archer,MacGilmartin
9075994966,Nicoline,Tenney
6646914613,Maggi,Bonnick
3972670451,Bree,Sprackling
3014241458,Holden,Gettins
0858505703,Baily,Dilnot
9182791740,Modesta,Chasteau
7372160731,Thaddus,Randleson
5221996197,Serene,Digwood
3226246453,Arabella,Murkus
1600244386,Cello,Heasman
9179250858,Cynthia,Begley
8942974708,Gerek,Harrigan
1450950183,Brianna,Huckin
6353223064,Erina,Maingot
0307898490,Kent,Dunmore
1149166592,Archibold,Rolinson
0268047669,Ettore,Foynes
9821849881,Torey,Vonderdell
3634447907,Jeannie,Legerton
8832069504,Carlee,Pantry
4232468420,Jemie,Hudspeth
9491842846,Martynne,Hector
5898417273,Nicolina,Joscelyn
1887962077,Jude,Gummie
5547438979,Tess,Bing
4926556219,Dinny,Cumberlidge
6471606265,Demetrius,McPake
0174824017,Pru,Johansen
1833450671,Ignaz,Dat
2296436234,Claudia,MacFadzan
5306514812,Dela,Gurling
6803827216,Caroljean,Fearey
7851532191,Carmina,Do
2995678768,Griswold,Hammerberg
2090678178,Free,Plitz
5425411383,Haze,Strippling
4335799071,Donia,Drakes
1305342917,Nicky,Perllman
8728827503,Culley,Klink
8330312208,Dion,McGuckin
5724439247,Royce,Schoenrock
6687923986,Maible,Wallege
4883872696,Keefe,MacCoughen
7686819310,Francesco,Yerby
0951530739,Daniela,Huegett
8100717494,Else,Tarbard
8522982325,Selby,Hurleston
7634096318,Feodora,Danit
9501337618,Nappie,Feldhuhn
3867928584,Kiel,Dowey
8575292080,Brear,Harry
2825181722,Dane,MacGeffen
4961498483,Anna-diane,Cardozo
7179469327,Marsiella,Guirardin
0351608397,Raquel,Caroli
6041062413,Averell,Jumeau
6131077916,Verla,Abbet
6965277327,Tomlin,Rimour
7332009544,Lorens,Wadelin
4151707719,Phyllida,Gibbe
2102693708,Edouard,Casari
5491227153,Rudiger,O'Fergus
3916569511,Nikolos,Currier
4088897129,Jefferson,Bourgourd
9279639765,Winny,Merryfield
6050794537,Myrah,Kmieciak
5395800999,Barbi,Trenbay
6832840039,Danny,Zupa
1467491144,Wayland,Madine
9392489447,Colan,Sciusscietto
2120367582,Edik,Poynor
1706826974,Benji,Reuter
4715986639,Billie,Bimson
3019284120,Man,Fasset
1480257664,Malia,Gurg
7969165494,Mallory,Golden
9051289138,Dareen,Bartrum
5601961433,Kamillah,Abby
9842416933,Tedd,Rickersy
6510480425,Pearla,Alyutin
9501122379,Edvard,Elger
1294299727,Rorie,Castelli
0898002982,Diandra,Jumont
0351291946,Zelda,Mayo
7574432279,Sollie,Devereux
0063193213,Nicola,Lammert
0348814941,Guthry,Govini
6021532686,Xenia,Hestrop
9252653430,Roddie,Courtois
0170317684,Jany,Hyne
5426687455,Godart,Seamark
8065794394,Jerome,Scullard
5468359073,Morgen,Shilton
5296153146,Trudi,Micheau
4369763673,Selinda,Oland
7383378997,Reinold,Dalla
1779677782,Rodney,Esmond
4187099905,Ginelle,Rodenburgh
8164740160,Sidney,McCormack
5091070621,Correy,Lochran
9599175387,Annabel,Ceeley
3126517854,Andi,Chastey
3970142369,Hank,Stiddard
9694976723,Orrin,Ibbitt
4327787108,Brion,Cottam
5213902391,Lisette,Gooda
2205408720,Kerry,Hendrix
1064996221,Ysabel,Nano
3778986198,Rubia,Dowe
5686418268,Roi,Lammert
0298239043,Lena,Measham
8658735273,Alphard,Marchiso
5890826425,Natassia,Sirette
1267231114,Merrick,Minihane
0314372431,Rozalie,Cheales
2659935874,Reine,Kaliszewski
3018771338,Constantine,Olekhov
0347088244,Gordie,Coatman
2863412264,Sarge,Keyme
8058606855,Walsh,Hrachovec
6110160016,Cristen,Winstanley
2868826563,Lynn,Denyukhin
4374962646,Netty,Flude
5372211636,Ty,Sansbury
8503865661,Magnum,Blease
5739378753,Hurley,Loy
9627046167,Anstice,Curd
5087125794,Winifred,de Tocqueville
4668819956,Etan,Simson
3686358654,Tandy,Lattimer
2772915387,Diena,Howden
0476135710,Gannon,Emloch
6762727697,Pattin,Roffe
7452070046,Chic,Gibbonson
9971547457,Timothea,Hattoe
4641536295,Zarah,Winley
9802213535,Rhody,Durn
2355856419,Gill,Gothliff
8832202298,Hyacinthie,Perkis
9713085027,Natal,Larman
4373452822,Asher,Sherston
7574035229,Amble,Emery
8911853445,Sandro,Handrock
8190414429,Bethany,Gomez
7335434742,Torey,Reely
3754004964,Nike,Chisnell
7184476611,Felice,Hubback
7589396575,Sandro,Bertson
6247973713,Ester,Kynge
0700250638,Gibby,Hinkes
5258536394,Aundrea,Monson
5037299853,Stillmann,Tarney
4485864014,Vitoria,Courtier
6283505236,Brigg,Cobelli
2852770903,Felicity,Isakowicz
4561915028,Ammamaria,Hattam
1557528985,Marcello,Prescot
0541190407,Elbertine,Jupe
6356399031,Tristan,Down
9874038314,Nicholas,Norledge
5527238370,Wally,Garham
7278785766,Son,Cosstick
9537286452,Melloney,Sea
4815129975,Gloriane,Denisot
2823356282,Jacobo,Salter
0651509556,Roxane,Barrington
4697326776,Roselin,Le Barr
5219828959,Kirsti,Snow
4779594138,Fanny,Grestie
2738918034,Yorgos,Mugford
2161419463,Giffer,Kettridge
3131144734,Mendy,Harpur
7624257335,Field,MacVean
4497217558,Jess,Folbige
1289134413,Tommi,Lathleiff
4925039393,Kingston,Seven
0143002902,Dean,Snaith
4983037853,Lorain,Dehmel
3997828490,Trenton,Gibbon
0333477243,Kelcey,Paddingdon
7241723589,Licha,Berthelet
7009496404,Dayna,Lubomirski
0349258406,Caryn,Defont
3325322824,Wandis,Guynemer
8867307096,Ralina,Kurdani
9467324261,Karl,Todeo
0380431254,Augustus,Eaden
4402441935,Shirley,Moggach
4894762617,Faber,Dixcey
4147423469,Harriot,Lunney
9265550252,Udell,Ximenez
5144552218,Jimmie,Cubin
0177131403,Leon,Jertz
2393896538,Zsazsa,Canfield
9756659033,Quentin,Joseland
2814001450,Elsie,Goaks
1391188020,Korey,Rizzotto
5362487620,Whitney,O'Kynsillaghe
9863511765,Dorthy,Brocklebank
4235104195,Leelah,Barney
9695571352,Mauricio,Guiet
2530467684,Vinnie,Blizard
9233498107,Wilburt,Blaby
3924989753,Lura,Bluck
1807967875,Leanor,Leve
3765913162,Nert,Lewzey
5967245650,Debby,Eckery
5444771071,Georas,Meegan
6120122737,Brina,Salsberg
9452927879,Sandra,Boord
5933405094,Karita,Manueau
3656154694,Valentine,Blunn
2872187642,Gail,Redholes
2248800452,Cheslie,Frenchum
2580912614,Krystalle,Pilch
2972717368,Lyndel,Fransson
1839481706,Aharon,Trail
0532915879,Barbey,Rego
9971452855,Harmon,Lincke
2334721913,Melony,Breagan
9079327832,Gerard,Peaurt
0270771522,Aubry,Grainge
6783370356,Dru,Lippitt
8386174110,Murial,Westfield
0396013406,Birch,Domokos
9921173022,Michelle,Coogan
9716568770,Winona,McTrustie
6369368342,Colan,Champken
8581129552,Binky,Willment
8769512469,Giuditta,Le Teve
5264885524,Mabelle,Agirre
5341151208,Jaimie,Coxwell
3850903516,Sharity,Wiggington
6808944415,Glad,Borwick
7716692038,Prudi,Burel
5088116500,Bonnibelle,Smye
7392034421,Haydon,Bysh
0033435405,Drugi,Pinn
0382722574,Florette,McKimm
4505439453,Yehudit,Hubeaux
7607964177,Prissie,Crickett
5975549213,Oates,O' Liddy
5034933691,Fiorenze,Scotfurth
8064834643,Marcille,Quartley
4937716964,Mandy,Moakler
3521017842,Anny,Lodevick
1769842292,Bjorn,Duigenan
2135291994,Alyson,Nursey
5232638645,Rob,Barnwell
9050273459,Layney,Stourton
5884995024,Jana,Hurleston
2974814530,Ernaline,Moye
5819895746,Charline,Fransinelli
3129417168,Karlee,Danielot
5947290286,Albie,Gerard
5117456211,Carleton,Biesinger
7622545821,Sydney,Escoffrey
5648202938,Norah,Galvin
9051951884,Giralda,Meharry
5667798239,Bell,Sherringham
2937446396,Isabeau,Blackater
5024726774,Penrod,Ridel
9115424502,Siward,De Gouy
6857440107,Madeleine,Wybrow
4884957687,Doretta,Ambrogetti
0395351944,Timothea,Float
7811744503,Rodolph,Kelson
7615339383,Audre,Hillan
8573737247,Carolin,Sygroves
1111865612,Babbie,Kemball
6025059365,Imelda,Earles
1629690872,Eada,Lowmass
8500561882,Coreen,Tierney
8375051551,Worthy,Joscelyn
3528740310,Moira,Dealy
5544863385,Ralf,Craddock
6300807681,Rip,Applegarth
7879203621,Bendick,Elkington
9613659684,Shirleen,Blakemore
8503003570,Winona,Trood
4969141231,Hy,Lipp
2572267225,Sayres,Parham
3476897540,Lorri,Kerslake
1950567133,Shannon,Geipel
8757101256,Jsandye,Jerman
0017582989,Bendicty,Mallebone
2670853897,Bess,Ocklin
3892556628,Haskell,Blakeney
3200837888,Nertie,Hadgkiss
1929790279,Babette,Alejo
2370389478,Elberta,Josipovic
7237543571,Micheil,Gordge
6058425972,Mary,Howick
8413172365,Shannah,Vase
9501454282,Osbourne,Duckering
9712963306,Ashton,Skeates
7924118926,Mickie,Oke
6741413367,Paloma,MacColl
3463779722,Danyette,Bolt
9801667419,Thacher,Minnock
2311267922,Kyrstin,Roydon
6927650695,Harry,Strawbridge
7880644911,Lorilyn,Lofthouse
8666389745,Silas,McLleese
2292144751,Rhea,Edgeley
5867507092,Reggy,Tribell
8350652500,Giff,Foad
6948500676,Karlik,Blees
1242073760,Reuben,Gariff
2960339304,Jessika,Boggish
0065588150,Griz,Ivashev
0977193462,Andee,Skupinski
0676868770,Poppy,Ace
2359939270,Frederic,Guillou
1880498014,Reinaldos,Stiger
3602511871,Jennica,Cutteridge
8753545583,Clerkclaude,Strowlger
5273180341,Steward,Delgua
0678330425,Dan,Bools
1966480970,Astra,Cragell
6715730717,Gerladina,Chasen
9088760047,Emerson,Brugh
1180045548,Jess,Shippey
9691342391,Lianne,Atwood
0474694534,Kath,Jovovic
3158308398,Sebastien,Erswell
1106554124,Reagan,Doonican
7895135570,Valene,Nutman
9970399705,Haleigh,Lufkin
9707435976,Wanids,Collings
7760701004,Collette,Hardington
2155135246,Aksel,Newvill
7244388853,Gaspard,Cockram
0944981984,Giulia,Addington
7303676848,Gordy,Rogister
9143921620,Orrin,Odom
7651346815,Katharine,Hynam
5477193271,Jephthah,Webborn
2255236788,Brannon,Lerego
3760972969,Blanche,Pechan
8591138376,Aaron,Bolens
4122379946,Kimble,Lermit
3735261876,Alfred,Pighills
4544240859,Benedict,Baggaley
9842511421,Latia,Self
2061908292,Alfred,Burbudge
2468834445,Eba,Cryer
0606592660,Stevena,Softley
3206848539,Giacinta,Easson
4392279502,Nikki,Bangley
9428062308,Jesselyn,Danielut
3538845697,Violetta,Winters
4072561827,Stavros,Pundy
6739741794,Anestassia,Weetch
9600957479,Kalina,Corah
3292814693,Adriaens,Moorcroft
0869822098,Law,Styles
3568900351,Hart,Fawdrie
1265035652,Floris,Mallia
5961659941,Neddie,MacSwayde
1833078578,Taber,Redwing
3344943685,Odilia,Frederick
1173154159,Codie,Grisewood
4678912185,Eilis,Joyce
9742047421,Dusty,Watterson
2666913791,Kelsey,Wheal
3911214685,Lizette,Shackell
8507506674,Jerrylee,Verriour
8713327933,Lindy,Stoad
0477795358,Jacquetta,Stoyell
4878831073,Nadiya,Drohun
2044881780,Rachele,Birrane
3701528640,Ashleigh,Fancett
6162839966,Ludwig,Daout
7148786991,Maryjo,Pittman
7196371879,Ulrikaumeko,Belliveau
0676756107,Rodi,Aldhouse
0679683747,Rufe,Sulley
3580111841,Gallard,Corfield
6961613799,Tobin,Verralls
2928304320,Bryna,Dudding
5188283751,Marion,Ales
7043932823,York,Caspell
8269014974,Herculie,Grzegorek
7464774019,Leigh,Flatman
5900109607,Marge,Lockey
2494193850,Karlotte,Peert
9796249685,Alverta,Anstee
0974469807,Markos,Pocklington
2713036909,Aaron,Tschirasche
1445909545,Christoper,Ottey
3304713573,Carmina,Takle
9458126134,Bernardine,Kadd
1182344232,Livvyy,Hallard
0482869658,Tess,Turmel
8254901732,Mariska,Pither
4696586812,Cris,Grigg
1027343406,Ruy,Galer
1724158570,Monique,Quinlan
5486164300,Hillery,Pareman
7949351594,Roderick,Harburtson
7901012765,Dwain,Swyndley
9101265814,Tiffany,Brailsford
6933032140,Palmer,Heaysman
1567323863,Cally,Barrell
6368356227,Solomon,Roberts
4091677886,Beverley,Cooney
5797155214,Zackariah,Loutheane
5237355501,Irma,Devericks
3214001140,Gaspard,Eacott
7302028176,Gelya,Whaymand
3985479771,Tobias,Perchard
8610279197,Adina,Wrankling
6219321715,Monica,Rillett
1365695190,Idaline,Popescu
2151549151,Phaidra,Ianno
9117897157,Taffy,Gulvin
8157691990,Audrye,Caught
8116526162,Dinah,Rowles
9360232734,Garold,Westfalen
2281151530,Amery,Hastwall
1627634045,Dallis,Stapleford
2697295402,Jacklin,Rubinfeld
8402775683,Margy,Irlam
9814401501,Valentina,Fackney
8821459934,Debi,Phillippo
1930348312,Tobit,Featherstone
4550247908,Clemence,Dirkin
4326389249,Sibilla,Keymer
7093518575,Dylan,McSharry
0052737047,Gennie,Sheers
7527008954,Wainwright,Leivesley
7143920878,Salvidor,Reavell
7883133551,Harriet,Loney
4387251204,Henrie,Doddridge
4619627747,Roth,Sheer
7218276385,Lyssa,Phlipon
6237771018,Elliott,Attawell
9537796035,Erda,Chamberlen
5379156347,Georgie,Martinson
3303794111,Violante,Vampouille
9848917268,Klarrisa,Gaynesford
1652974601,Hendrick,Gomar
6736933145,Clarence,Auchinleck
7171068773,Patten,Balden
8843328891,Ernesto,Ingleson
6710165213,Tiffany,De Goey
9549707482,Roarke,Wardell
0225817071,Farrel,Bertrand
0117150444,Bob,Heinschke
7949922877,Leon,Holdron
9093686917,Melanie,Aikenhead
8894215350,Boyd,Sparshatt
0300513925,Licha,Beeson
1319195962,Dunn,Fidge
2779059850,Traci,Whebell
8380036220,Cleopatra,Riddles
8629123982,Beniamino,Heindrich
6257556945,Rosene,Burditt
8658714896,Allx,Inge
6468606551,Angil,Lasseter
6436858105,Georgette,Tiler
0982136447,Goldie,Anthoine
7462071347,Shel,Doumerque
5619533549,Vasilis,Godber
8553358402,Pippy,Dillet
4771774412,Knox,Cluderay
7029274504,Dolf,Fritzer
6111915436,Michaella,Chatres
6868796706,Welch,Kinde
5472570476,Layney,Huggons
8265729847,Gussy,Napton
3089257564,Flemming,Jeanesson
2856848133,Johnathon,Clough
4105203258,Lorrayne,Daltrey
0718587561,Berget,Marnes
5352619702,Deane,Sandcraft
2863507443,Marnia,Drewson
8723944145,Romain,Abella
1432288849,Stephan,Hendin
8406805439,Annnora,Peters
4318413969,Claudie,Acory
8098761967,Granger,Tanslie
2565201877,Christina,Attoe
8895682815,Dulcea,Collister
1645392961,Jacintha,Garie
6672729550,Leah,Vettore
6169703504,Isaac,Crowdace
5462749899,Dukey,Atyea
1094153117,Randa,Hanshawe
1797498312,Rae,Casperri
3424293792,Blakelee,Kerfod
5250274668,Carolan,Quaife
2232672735,Klara,Ledrun
6028366730,Tabby,Standage
2262835993,Jamima,Liptrot
0152720928,Linette,Peabody
5064230613,Jamesy,Lockley
5035834794,Barron,Monkleigh
9137289276,Lynna,Fahy
0581401905,Vasili,De Ferraris
2092922394,Ogdon,Bointon
9537520323,Valdemar,Cooch
6956663023,Wileen,Waddilove
7119017489,Elwyn,Skeermor
1819258572,Chickie,Waldron
7870063908,Biddie,Heibel
1158445555,Alysa,Moorcroft
8771933344,Ruthann,Cornbill
4598763884,Coleen,Jacombs
9871266111,Hailey,Mertsching
1988738547,Rodrique,Synnott
9299812020,Ruthi,Iskov
9287770557,Larine,Youster
8951888061,Roxane,Clayden
7250618113,Jessica,Sage
0291416683,King,Wildash
0596870272,Archambault,Shervington
5951906180,Florri,McGruar
0435111221,Daphna,Seiler
5508661573,Pietrek,Skough
9860909059,Sheilakathryn,Greenhaugh
9040458073,Tersina,Blofeld
3839465451,Anette,Brackenbury
8881034441,Candi,Dobbison
9503645212,Justinn,Birtwell
1203270852,Nikolos,Lyver
6839294943,Raynard,Ianne
4269796758,Abeu,Owbridge
6533381423,Margie,McMichael
5416635347,Sean,Denison
6065633518,Jeramey,Tant
1610944720,Andree,Hindes
3409501800,Dexter,De Fraine
7234428720,Haven,Balleine
8038084578,Nicol,Glanz
1380312132,Drusie,Kinnen
5601658722,Glendon,Mirralls
2729797173,Matti,Monk
2459360622,Jobina,Chesnut
1423880358,Jamill,Worshall
2851865056,Bonnie,Stump
6334310976,Yorgo,D'Errico
6465399504,Marian,Strapp
1973587076,Flinn,Brabender
6335640090,Lidia,Kime
2821778457,Bartram,Conkay
8886639279,Yalonda,Spore
3296658475,Ariadne,Fink
2719680109,Miguelita,Meacher
4437491742,Nataline,Havard
0931121280,Babette,Bartolomeo
1961725304,Jasper,Haruard
0697155862,Prentice,Jaffra
1857428641,Karalynn,Lamborne
7159463676,Bradly,Franks
6099684603,Kevan,Roller
7828769903,Christian,Folonin
3668416419,Sonja,Dunkirk
1405654627,Jocelyne,Biddlecombe
8824905099,Bob,Splevins
9511735233,Nancy,Ciric
6663429744,Buckie,Tanti
5812325200,Melessa,Dickens
8456045861,Rey,Barnewille
3039357565,Dosi,Macura
2771235463,Angie,Langdon
1887920544,Alfi,Meere
7054576357,Merwyn,Judd
7611923277,Glori,Putnam
7344068842,Bertie,Girsch
9336902008,Alasteir,Crawshaw
4621730576,Candi,Danilov
3823549596,Zabrina,Greenaway
6141840809,Jae,Whitter
8319806704,Constantia,Rabbage
2333142863,Dick,Greenstreet
2197231383,Steffane,Lock
0097534986,Ashleigh,Ingham
4668495956,Selestina,Golder
3353345612,Shurwood,Slorach
3179338008,Tamarra,Slateford
6105721420,Yvor,Giraudeau
8835544394,Hewet,Chastang
1252824971,Miof mela,Feighry
8752638510,Pembroke,McLarens
7691480369,Alfredo,Sellstrom
4191627430,Joeann,Whistlecraft
5811761708,Gavan,Gagie
7941380676,Cherida,Crosswaite
7539890126,Ardine,Pozzi
0457502681,Krisha,Boswood
6934267435,Nicki,Lumber
1537489054,Malanie,Storrock
7726326255,Austina,Marxsen
1847169325,Meryl,McShirrie
1648108164,Bucky,Gabala
5427228918,Alix,Cudde
9463120998,Ermanno,Farlane
4943319890,Noella,Werndly
2760315401,Hart,McKinlay
0948277696,Pattie,Bertouloume
2064113142,Dolli,Senussi
5586187078,Bethany,Szantho
6668887929,Minne,Corneliussen
6718676853,Bonnie,Sainteau
7951866202,Merwin,Van der Son
0059616997,Dame,de Guise
2939679053,Kimble,Beneyto
9456635112,Iolande,Ordidge
1973768895,Tobi,Cardinal
4676453272,Halette,Kinnier
6869757313,Dorette,Le Barre
8427579721,Ignacio,Anthoine
2224305966,Adolph,Keyte
5189082334,Melloney,Hamprecht
2189170400,Bennie,Hagston
7547582931,Byrle,Tattershaw
4443979034,Ross,Donisi
1757902090,Conant,Emanuel
7911719241,Emilie,McGeachy
0775150304,Tierney,Nancekivell
5144302548,Selia,Brandon
8283868608,Gerhardt,Buckbee
3788217111,Mac,Wentworth
7935345090,Theodor,Lees
7600149044,Joelly,Brason
0535637241,Stanislaus,Fishley
9718801421,Steven,Bridywater
6591322205,Vonni,Soro
6839836770,Bertrando,Attwoull
6985719309,Ira,Clopton
3796342302,Perren,Kellick
4449667034,Trina,Clayworth
1566411289,Gael,Arlet
2862029971,Farleigh,Maxweell
1748130773,Cullin,Maroney
5656898695,Sadye,Ruberti
9272853613,Sula,Pedreschi
0839163932,Jacob,Parchment
5590122333,Kyrstin,Ballingal
1039286259,Griffie,Ewin
2145175210,Kevin,Veare
1687432406,Porter,Brame
5883090419,Abagael,Barok
4072972401,Egor,Poole
8425519705,Katti,Fingleton
9954820574,Helenelizabeth,Rossborough
4541341905,Ragnar,Lambeth
6610324409,Jeni,Geekin
6198522709,Wilhelmine,Bothen
9858138369,Daisie,Cozby
8189932411,Jaimie,McAuley
1162751525,Mona,Woods
0261309129,Elita,Scrivner
4052900456,Gabriele,Borleace
4727294850,Rosie,Heinel
7278948320,Royce,Vasyanin
8854853194,Dewain,Load
9617817160,Gardiner,Weben
7901950684,Quintus,McClory
2729087249,Norma,Binnion
3319951750,Ranice,Hundall
0185195970,Pennie,Bengal
3594388247,Durant,Cassel
5646365546,Shannen,Strevens
1687282633,Brooks,Taleworth
8929386784,Isidro,Balsdon
4097686615,Gerhard,Gierhard
0317467654,Antoinette,Priestland
5979838414,Othelia,Albrighton
9814255718,Bernardo,Krier
4512631739,Garret,Perrinchief
6968848104,Barbie,Snoad
4186952345,Donny,Cominoli
7204989805,Nev,Gibberd
6945593169,Truda,Baly
1094554154,Florie,Thorne
7372248728,Charyl,Godson
6990652446,Darcie,Pawlowicz
5213859585,Trish,Rudgard
0275224813,Aila,Haw
1758717777,Sal,Maton
7317257478,Carolyne,O'Connolly
1484111362,Leandra,Gandrich
8765425634,Amelina,Treher
4827513902,Catherina,Cressingham
6485525742,Gonzalo,Wallentin
8680071269,Hedwiga,Dougharty
5445315932,Sayres,Harmant
0692335242,Christiane,Kolodziejski
3296385932,Leonore,Paumier
1166727092,Lorrie,Eckels
6406970209,Eba,Gartell
0473680971,Cecilius,Raynham
0639592465,Deeanne,Sijmons
7990876469,Hyacinth,Adlard
0372400221,Creigh,Wale
6872891157,Chrystal,Peek
7903805886,Ignazio,Rays
9844251826,Ashley,Castelow
3653362601,Merrie,Lourens
2576224083,Frants,Ladbrooke
4474483235,Ollie,Leban
8113935401,Kinny,Lintott
1564962830,Joelynn,Oliphard
3524963668,Cayla,Eccleston
1527449351,Mei,Hacquoil
8746297855,Rollins,Mabbs
9617775360,Robbyn,Palser
3408441294,Kip,Ritter
5085229533,Winne,Annice
6889523237,Hilton,Pound
0427203937,Viola,McCallum
1616753706,Aubry,Stening
4470525553,Dania,Styant
8031349118,Bat,Sawell
8058049042,Jeth,Fitzsymonds
8948133799,Bendix,Oene
7647522779,Eirena,Fishley
4989406036,Mel,Gooder
0579835634,April,Skentelbury
2624905545,Octavius,Salleir
3394918862,Delora,Presho
7817378282,Liv,Yorke
0874386489,Cammy,Venediktov
7669274069,Deck,Carden
0405103778,Joyann,Beardsell
9834842600,Delora,Gillison
7615818591,Corny,Reany
2076286497,Nessa,Sudran
4188475765,Larisa,Larraway
4644006807,Jozef,Ivell
3285046996,Dickie,Krysztofowicz
6091564609,Cassius,Josipovic
6956068168,Rolf,Timbrell
3417044618,Reeta,Targett
4760898743,Maurine,Rowlson
4076760778,Ailyn,Cantrell
0873649346,Wright,Belchamber
6675638394,Milzie,Happel
5580584644,Margeaux,Sinclar
5175716166,Nicholle,Realy
2579911391,Kari,Yedy
8200130258,Murielle,Naisey
4118054264,Jessa,Lethcoe
0816634998,Christoffer,Ingilson
9631341917,Gardie,Stare
8735224088,Kendre,Deveral
9382920269,Starlene,Tuffell
9949590663,Burl,Lamborne
9641835653,Dwight,Hickinbottom
1664241957,Mata,Snary
9938380638,Gayle,Charleston
4301927603,Doloritas,Leupold
9722070681,Ev,Sidgwick
9763698278,Ag,Reglar
5881725271,Ted,Broscombe
2746297914,Lucita,McLeoid
1453596860,Andie,Malone
0010040420,Aubry,Sherme
3273369159,Archer,Myall
5518198345,Ricky,Finicj
1962506185,Anneliese,Gout
0009310428,Regine,Yearnsley
7185618843,Rainer,Jaan
5738476182,Trueman,Brookes
6452536834,Katya,Pinshon
2287374973,Beckie,Bertelmot
1165236990,Warren,Seven
9334751606,Koenraad,Gegg
1638500053,Devina,Chavez
5437464428,Ronica,Bullivent
3640431073,Ambrosio,Crawshay
6196130447,Orella,Yannoni
0606421912,Donna,Housbey
1844275620,Guendolen,Drexel
5251428707,Andy,Bussey
2871273138,Di,Montes
8673962927,Burke,Hintzer
0324191189,Issiah,Rochelle
8092958335,Rea,Grebbin
5801822798,Kinsley,Johansson
1545013004,Barron,Flockhart
7108852047,Ignatius,Ferras
8741815904,Edd,Cuddon
7154294965,Gerick,Tackes
6939185283,Marylin,Mantha
6066373366,Edmund,Medgewick
9467489252,Oliver,McKelvey
9827864874,Tobie,Yarham
8019474919,Ulrick,Grigoire
9400329490,Sharline,Hempshall
8540193450,Vaughan,Borchardt
1702827569,Hazel,Dimmne
2319180397,Ewell,Ely
8814728771,Izaak,Bonefant
1141544253,Lorenza,Townshend
2655045734,Marcelle,Dahle
8411092593,Chrissie,Nucci
7889736983,Sabina,Brisseau
4239284066,Renato,Gallihaulk
6529481109,Essa,Welling
3302996810,Estevan,Garmon
2243541343,Thoma,Guntrip
1099116430,Monika,Portigall
1892863480,Georgie,Garrod
4084671118,Eustacia,Caine
2679653483,Louella,Dyte
2901912931,Rae,Dunne
0212961608,Field,Baert
6247790821,Stephine,Steet
7636561085,Brittni,Wright
4645936239,Gwenny,Domenico
5261268877,Petey,Weatherby
7461011189,Hermann,Loadwick
0716803488,Arden,Lacasa
4292957266,Davey,Ciciari
0445631511,Meridith,Wintringham
7840246656,Vilhelmina,Maris
0003333949,Niall,Ovington
0078961297,Danit,Chisman
1606544055,Ike,Blandamere
1437687962,Rici,Scase
1773131524,Prentice,Stollery
8001189651,Markos,Joanic
1744111103,Letta,Hatherley
1855964767,Joellen,Boorn
2723317315,Jobye,Gavey
8681071599,Kassi,Hambright
8903528875,Sauncho,Dews
9244335328,Dulcy,Bartram
4277170544,Cathryn,Millichip
5012061020,Sam,Kos
9822995962,Sherrie,Endersby
6590272158,Monah,Kenewell
6189406181,Cristine,Parnall
5866227924,Iosep,Thursfield
3779609258,Gibb,Bradborne
1859969615,Berty,Neljes
3280798027,Rafi,Barlass
0058630643,Abbye,Robrose
7713652906,Frayda,Kardos
7526841962,Menard,Swyn
3019590167,Melonie,Pohl
5651609954,Florian,Dysart
3758466628,Esta,Elam
1571952381,Othello,Winfindine
9077216960,Gerri,Harroll
5316193490,Cassie,Bezley
8214073472,Wandie,Bowling
0300421737,Trace,Stollenwerck
6279357384,Kirsteni,Chyuerton
0574073779,Neddie,Andrusyak
1782154760,Kermie,Heinsen
0213759772,Eileen,Cleef
7942613089,Yasmin,Bastie
0919302661,Egbert,Yitzhak
9145794650,Edwina,Garber
9132797575,Vera,Parks
0930451198,Ingram,Fulmen
1346634424,Chloe,Kidney
0368555100,Murray,Tuerena
9260218578,Garwood,Hyndley
5278083158,Paulita,Kemble
5895853382,Odille,Wallbanks
0128818182,Alexandra,Crathorne
9189312724,Elisabeth,Thornally
7368468409,Gustavo,Ahmad
7856082992,Cassandre,Martinolli
5327823946,Curran,Dennis
0401285995,Hildagard,Considine
2646558392,Tallie,Fernley
0690400403,Dael,Strewther
7847757737,Kimmy,Kemer
2850243639,Tonia,Lambdean
5575095339,Kriste,Rimington
8758803459,Damian,Camocke
0676410286,Adlai,Hirschmann
7242714591,Wilhelmine,Kyles
1660800374,Candace,McGillivray
7215657922,Dell,McLarty
2469912970,Patrizius,Stronge
3726754709,Martita,Havill
1012691209,Jonell,Brisland
7580026325,Ivan,Engelbrecht
2767358734,Walliw,Detheridge
7212975591,Saw,Lemerle
6751241984,Eldon,Maidens
9881731364,Artair,Filintsev
0135469643,Mattheus,Toffoloni
1326831119,Prissie,Melrose
5844414098,Tamra,MacChaell