9183500375,Cathe,Struijs
6796591283,Christiane,Maroney
7230847192,Ivette,Kern
1510738010,Randee,Abethell
8815443843,Donnamarie,Lillistone
9448545304,Henri,Hoggins
5784604252,Cynthia,Blaza
1342646258,Merline,Eblein
1881295788,Rouvin,Ketley
9483728002,Vivyanne,McCandless
4626188656,Patten,Lantaff
2989575081,Merrill,Huey
9027540039,Elinor,Samways
2166396666,Rici,Milan
5523690643,Laurette,Chessor
8782400733,Will,Denyagin
4547921385,Antonin,Gumey
5670411714,Merilyn,Barends
4826272669,Edsel,Macoun
0633829919,Chaim,Seivwright
0978708830,Estrellita,Pylkynyton
3329500433,Tabatha,McDowall
2766114602,Debra,Broszkiewicz
4788684209,Gilly,Verling
4380335046,Carmon,Brodley
8388829130,Nicky,Heindl
9277130229,Renaldo,Riglesford
5345009422,Caroline,Otley
1885221622,Adrian,Gobel
8941070015,Goddart,Wayon
7697067897,Brod,Di Francesco
5376452859,Cherilynn,Greasley
3306028045,Colline,Kerrich
5524010972,Melonie,Hollows
6488951637,Gus,Dodshun
6279982688,Irv,Skyppe
4694034723,Tracie,Leggon
8066597835,Joleen,D'Angeli
4737102075,Linnell,Slad
1070694959,Dru,Imison
8401445949,Rosanna,Phinnis
4618539550,Keith,Rock
7289386388,Amara,Fries
5009823381,Emelita,Bosse
6544910503,Berkie,Lavigne
5012510402,Sally,Groome
2641850788,Estevan,Espadate
8969634363,Oralia,Ivain
4928249410,Coretta,Keizman
0501957294,Michell,McCreedy
8862002688,Danyette,Sandwith
9416624179,Kissee,McCarroll
0832112097,Clem,Boecke
3327361568,Amabel,Keslake
8133545293,Smith,Cholton
6937530358,Christi,Blaney
0281398437,Haskel,Dawid
6071956293,Ashly,Abrahamson
6936689027,Nickey,Dohr
9032138707,Bertie,Blackster
2718508183,Valaree,Omand
7673833743,Ann-marie,Shapero
3325237975,Meade,Ghidini
9881924170,Vasilis,Switsur
0375842152,Camey,Gabbitus
4774714062,Montague,Dury
3591645214,Dodi,Desport
7887624010,Etheline,Swash
1241584923,Viv,Arbor
0826544940,Andi,Dyer
2269885058,Rubi,Tonkes
4464338828,Glori,Wankling
6349561872,Bryna,Haycock
2266342355,Lynsey,Mayne
7658228109,Vinnie,Duffield
4821835703,Tybie,Pero
7283837477,Alessandro,Bockmann
4723946799,Virge,Sparks
3717396625,Madel,Willder
1732103976,Ruthanne,Schoolcroft
5480109995,Jasmina,Stidston
6600305053,Jacklin,Hartly
1775403661,Dan,Jzak
7410031441,Herrick,McGillreich
3459884290,Ahmed,Jewiss
2575845386,Donna,Wearne
3594801225,Keven,Jakeman
3216010945,Codie,O'Flaverty
2315450187,Cal,Stearne
4168262758,Egon,Clows
4406486283,Batsheva,Agett
7687279417,Mathilde,Wrinch
2047881420,Jere,Flewitt
4056419809,Carroll,Gritsaev
9555968705,Walliw,Blagdon
7022561869,Luisa,Jukubczak
5205938048,Cinnamon,Matyasik
5008908294,Marci,Doby
4983588523,Tally,Petracco
3830567855,Adelina,Greste
6102567544,Fannie,Moules
1963021290,Tressa,Beadman
0104612495,Saundra,Setterthwait
8992640501,Conrado,Lovewell
6339996051,Cheston,Durram
9663573120,Yardley,Bithell
5335519320,Michaeline,Carnaman
8901579391,Darnell,Redfern
6451031836,Erasmus,Kubin
4467814264,Jewell,Gutherson
6007553647,Malorie,Tuddenham
2054707716,Sherri,Aughton
8844429675,Korie,Pimblott
3089659492,Halley,Karslake
5449702558,Bev,Addenbrooke
3987094435,Elroy,Yemm
9116205162,Brander,Windram
5298213146,Celesta,Cookson
5484436095,Vivianna,Lattimer
7962215739,Maryjo,McCome
8793341199,Maximilianus,Loncaster
3546550110,Herculie,Perry
1574822209,Dallon,Maxstead
4382485967,Jaquenetta,Rawne
3190829365,Agace,Jiricka
1418115703,Clemmy,Ridewood
6871612971,Nerita,Chappel
0917696646,Blair,Gowan
5860862199,Blane,Towsey
0287091457,Charity,Acres
6855515614,Flint,Colnett
2374898423,Brose,Da Costa
0042657261,Ketti,Powelee
6372000008,Nickey,Learmonth
6506502134,Shane,Hirjak
2144365652,Artemis,Ghilardi
1333363133,Cary,Cleft
2092529242,Biddie,Mancer
8802695288,Michaela,Hutcheons
6744447904,Rozella,Demaid
3907799518,Ignacio,Staden
7419231427,Cynthea,Waeland
9019065300,Sisile,Ryton
3965893645,Tedmund,Ebden
5597662473,Pooh,Swaile
0062891618,Jo ann,Marsden
0715907417,Pace,Pinare
7854034915,Daron,Baldam
2346712442,Owen,Gingell
5275997582,Hilda,Delepine
0762661410,Estrella,Gaskamp
6842563941,Charmaine,Adshed
4166747967,Amandie,Albon
5606197294,Mattie,Scripture
6495887140,Essa,Hablet
1849360170,Sumner,Ivushkin
6165785131,Rollins,Kirkbride
0574350551,Gauthier,Delafont
0315164816,Marcellus,Free
5736837110,Bealle,Draycott
6514166032,Enrico,Bauduccio
2987439652,Saraann,Ferras
8009052043,Elmore,Cheek
8949688166,Martie,Boulton
5163484389,Lester,Domengue
7206187315,Slade,Gisborne
0651314097,Melanie,Matts
7780593061,Clarke,Sent
5667704234,Lurlene,Gribbin
6919081466,Roanna,Lovatt
1439473269,Darius,McNeish
0900175354,Taite,Edwinson
1670229610,Reuben,Radden
9350116014,Jeremie,Kloster
0199276773,Jordain,Ostick
3536044727,Ado,Nollet
0624985407,Olenka,Ceschini
9117573300,Roanne,Pears
8091912242,Heloise,Skarin
6771795292,Kermy,Mellhuish
0778669718,Lanie,Luckin
7716791702,Georgy,Skym
4851493665,Even,Deporte
7056780032,Caty,Dumbrall
8635962184,Hilario,Ashford
1445932024,Levon,Chalder
1799749924,Lynde,McVeighty
1964976758,Pia,Tither
1919006559,Rollo,Hearnah
4823070666,Lyn,Hartwright
5218694444,Lillian,Ducarne
2215616962,Torrence,Piscopo
8264228321,Vere,Rohfsen
7140556059,Madge,Dudny
9207624524,Cami,Minney
8392480503,Correy,Boow
2313158713,Jeremias,Veschambes
9558299243,Francis,Edmonston
2875138154,Guntar,Braidley
5448885055,Jaimie,Yezafovich